[{"tanggal":"13 Jan 2023","jam":"17:13:25","error":{},"user":"6288210693144@s.whatsapp.net"},{"tanggal":"13 Jan 2023","jam":"17:13:49","error":{},"user":"6288210693144@s.whatsapp.net"},{"tanggal":"13 Jan 2023","jam":"17:47:38","error":{},"user":"6288210693144@s.whatsapp.net"},{"tanggal":"14 Jan 2023","jam":"20:25:32","error":{},"user":"6285806240904@s.whatsapp.net"},{"tanggal":"14 Jan 2023","jam":"20:25:34","error":{},"user":"6285806240904@s.whatsapp.net"},{"tanggal":"14 Jan 2023","jam":"20:25:38","error":{},"user":"6285806240904@s.whatsapp.net"},{"tanggal":"14 Jan 2023","jam":"20:25:40","error":{},"user":"6285806240904@s.whatsapp.net"},{"tanggal":"14 Jan 2023","jam":"20:25:42","error":{},"user":"6285806240904@s.whatsapp.net"},{"tanggal":"14 Jan 2023","jam":"20:25:44","error":{},"user":"6285806240904@s.whatsapp.net"},{"tanggal":"14 Jan 2023","jam":"20:26:20","error":{},"user":"6285806240904@s.whatsapp.net"},{"tanggal":"14 Jan 2023","jam":"20:30:27","error":{"errno":-2,"syscall":"open","code":"ENOENT","path":"./options/qris.jpg"},"user":"6285791220179@s.whatsapp.net"},{"tanggal":"16 Jan 2023","jam":"10:30:56","error":{},"user":"6281348608480@s.whatsapp.net"},{"tanggal":"16 Jan 2023","jam":"10:31:12","error":{},"user":"6281348608480@s.whatsapp.net"},{"tanggal":"16 Jan 2023","jam":"10:31:23","error":{},"user":"6281348608480@s.whatsapp.net"},{"tanggal":"23 Feb 2023","jam":"18:29:37","error":{},"user":"62895337316897@s.whatsapp.net"},{"tanggal":"23 Feb 2023","jam":"18:33:14","error":{},"user":"62895337316897@s.whatsapp.net"},{"tanggal":"23 Feb 2023","jam":"18:33:17","error":{},"user":"62895337316897@s.whatsapp.net"},{"tanggal":"23 Feb 2023","jam":"18:33:32","error":{},"user":"62895337316897@s.whatsapp.net"},{"tanggal":"5 Mar 2023","jam":"12:25:28","error":{},"user":"62895347198105@s.whatsapp.net"},{"tanggal":"5 Mar 2023","jam":"13:32:30","error":{},"user":"62895347198105@s.whatsapp.net"},{"tanggal":"6 Mar 2023","jam":"17:08:11","error":{},"user":"62895347198105@s.whatsapp.net"},{"tanggal":"8 Mar 2023","jam":"12:11:00","error":{"data":403,"isBoom":true,"isServer":true,"output":{"statusCode":500,"payload":{"statusCode":500,"error":"Internal Server Error","message":"An internal server error occurred"},"headers":{}}},"user":"6282216911687@s.whatsapp.net"}]