[
   {
      "id": "120363049393650384@g.us",
      "key": "MOBILE LEGENDS",
      "response": " LIST HARGA MLBB\n\n*MLBB ➳ A :*\n𖤘 💎 86 : Rp 19.500\n𖤘 💎 172 : Rp 38.500\n𖤘 💎 210 : Rp 52.000\n𖤘 💎 257 : Rp 58.000\n𖤘 💎 285 : Rp 66.500\n𖤘 💎 355 : Rp 85.500\n𖤘 💎 429 : Rp 96.500\n𖤘 💎 514 : Rp 115.500\n𖤘 💎 600 : Rp 135.000\n𖤘 💎 706 : Rp 154.000\n𖤘 💎 878 : Rp 192.500\n𖤘 💎 963 : Rp 212.000\n𖤘 💎 1050 : Rp 231.000\n𖤘 💎 1220 : Rp 270.000\n𖤘 💎 1412 : Rp 308.000\n𖤘 💎 2195 : Rp 462.000\n𖤘 💎 2901 : Rp 616.000\n𖤘 💎 3688 : Rp 768.000\n𖤘 💎 4394 : Rp 923.500\n𖤘 💎 5532 : Rp 1.154.500\n𖤘 💎 9288 : Rp 1.923.500\n\n*MLBB ➳ B :*\n𖤘 💎 14 : Rp 4.000\n𖤘 💎 28 : Rp 8.000\n𖤘 💎 42 : Rp 11.000\n𖤘 💎 56 : Rp 15.000\n𖤘 💎 70 : Rp 18.000\n𖤘 💎 84 : Rp 22.000\n𖤘 💎 100 : Rp 24.000\n𖤘 💎 285 : Rp 68.000\n𖤘 💎 358 : Rp 86.000\n𖤘 💎 415 : Rp 110.000\n𖤘 💎 716 : Rp 182.000\n𖤘 💎 792 : Rp 184.000\n𖤘 💎 990 : Rp 236.000\n\nTwiglight Pass : Rp 127.500",
      "isImage": false,
      "image_url": "-"
   },
   {
      "id": "120363049393650384@g.us",
      "key": "FREE FIRE",
      "response": "LIST HARGA FREE FIRE\n\n*FREE FIRE :*\n𖤘 💎 5 : Rp 1.000\n𖤘 💎 10 : Rp 2.000\n𖤘 💎 12 : Rp 2.500\n𖤘 💎 20 : Rp 3.000\n𖤘 💎 50 : Rp 7.500\n𖤘 💎 70 : Rp 10.000\n𖤘 💎 100 : Rp 15.000\n𖤘 💎 120 : Rp 16.500\n𖤘 💎 130 : Rp 18.000\n𖤘 💎 140 : Rp 19.000\n𖤘 💎 150 : Rp 20.500\n𖤘 💎 190 : Rp 25.500\n𖤘 💎 200 : Rp 27.000\n𖤘 💎 210 : Rp 28.000\n𖤘 💎 280 : Rp 37.000\n𖤘 💎 355 : Rp 45.500\n𖤘 💎 400 : Rp 52.500\n𖤘 💎 425 : Rp 55.000\n𖤘 💎 500 : Rp 65.000\n𖤘 💎 565 : Rp 73.500\n𖤘 💎 720 : Rp 91.000\n𖤘 💎 1000 : Rp 127.000\n𖤘 💎 1450 : Rp 183.000\n𖤘 💎 2000 : Rp 248.500\n\n*Member Mingguan :* Rp 28.000\n*Member Bulanan :* Rp 83.000",
      "isImage": false,
      "image_url": "-"
   },
   {
      "id": "120363027902947284@g.us",
      "key": "test",
      "response": "apa",
      "isImage": false,
      "image_url": "-"
   }
]